lowetaedge,relerror
0,0.0222686567164179
0.01,0.016089552238806
0.2,0.0174328358208955
0.3,0.0176119402985075
0.43,0.0269253731343284
0.44,0.0185074626865672
0.6,0.0180597014925373
0.79,0.0265671641791045
0.8,0.0214626865671642
0.9,0.0232537313432836
1.14,0.0292537313432836
1.3,0.0303283582089552
1.479,0
1.57,0.0377611940298507
1.65,0.0381194029850746
1.8,0.0380298507462686
1.95,0.0365074626865672
2.1,0.0395522388059701
2.35,0.046089552238806
2.5,0
